'Date', 'Client', 'User-Agent'
'2021-07-23 12:37:30','127.0.0.1','Mozilla/5.0 (X11; Linux x86_64; rv:90.0) Gecko/20100101 Firefox/90.0'
'2021-07-23 12:39:01','127.0.0.1','Mozilla/5.0 (X11; Linux x86_64; rv:90.0) Gecko/20100101 Firefox/90.0'
'2021-07-23 12:40:29','127.0.0.1','Mozilla/5.0 (X11; Linux x86_64; rv:90.0) Gecko/20100101 Firefox/90.0'
'2021-07-23 12:41:38','127.0.0.1','Mozilla/5.0 (X11; Linux x86_64; rv:90.0) Gecko/20100101 Firefox/90.0'
'2021-07-23 12:42:58','127.0.0.1','Mozilla/5.0 (X11; Linux x86_64; rv:90.0) Gecko/20100101 Firefox/90.0'
'2021-07-23 12:45:58','127.0.0.1','Mozilla/5.0 (X11; Linux x86_64; rv:90.0) Gecko/20100101 Firefox/90.0'
'2021-07-23 12:46:12','127.0.0.1','Mozilla/5.0 (X11; Linux x86_64; rv:90.0) Gecko/20100101 Firefox/90.0'
'2021-07-23 12:47:07','127.0.0.1','Mozilla/5.0 (X11; Linux x86_64; rv:90.0) Gecko/20100101 Firefox/90.0'
'2021-07-23 12:49:38','127.0.0.1','Mozilla/5.0 (X11; Linux x86_64; rv:90.0) Gecko/20100101 Firefox/90.0'
'2021-07-23 12:49:53','127.0.0.1','Mozilla/5.0 (X11; Linux x86_64; rv:90.0) Gecko/20100101 Firefox/90.0'
'2021-07-23 12:53:06','127.0.0.1','Mozilla/5.0 (X11; Linux x86_64; rv:90.0) Gecko/20100101 Firefox/90.0'
'2021-07-23 12:54:33','127.0.0.1','Mozilla/5.0 (X11; Linux x86_64; rv:90.0) Gecko/20100101 Firefox/90.0'
'2021-07-23 12:59:55','127.0.0.1','Mozilla/5.0 (X11; Linux x86_64; rv:90.0) Gecko/20100101 Firefox/90.0'
'2021-07-23 12:59:56','127.0.0.1','Mozilla/5.0 (X11; Linux x86_64; rv:90.0) Gecko/20100101 Firefox/90.0'
'2021-07-23 12:59:58','127.0.0.1','Mozilla/5.0 (X11; Linux x86_64; rv:90.0) Gecko/20100101 Firefox/90.0'
'2021-07-23 12:59:59','127.0.0.1','Mozilla/5.0 (X11; Linux x86_64; rv:90.0) Gecko/20100101 Firefox/90.0'
'2021-07-23 13:01:57','127.0.0.1','Mozilla/5.0 (X11; Linux x86_64; rv:90.0) Gecko/20100101 Firefox/90.0'
'2021-07-23 13:01:58','127.0.0.1','Mozilla/5.0 (X11; Linux x86_64; rv:90.0) Gecko/20100101 Firefox/90.0'
'2021-07-23 13:06:42','127.0.0.1','Mozilla/5.0 (X11; Linux x86_64; rv:90.0) Gecko/20100101 Firefox/90.0'
'2021-07-23 13:06:42','127.0.0.1','Mozilla/5.0 (X11; Linux x86_64; rv:90.0) Gecko/20100101 Firefox/90.0'
'2021-07-23 13:06:43','127.0.0.1','Mozilla/5.0 (X11; Linux x86_64; rv:90.0) Gecko/20100101 Firefox/90.0'
'2021-07-23 13:06:44','127.0.0.1','Mozilla/5.0 (X11; Linux x86_64; rv:90.0) Gecko/20100101 Firefox/90.0'
'2021-07-23 13:15:25','127.0.0.1','Mozilla/5.0 (X11; Linux x86_64; rv:90.0) Gecko/20100101 Firefox/90.0'
'2021-07-23 13:15:25','127.0.0.1','Mozilla/5.0 (X11; Linux x86_64; rv:90.0) Gecko/20100101 Firefox/90.0'
'2021-07-23 13:18:36','127.0.0.1','Mozilla/5.0 (X11; Linux x86_64; rv:90.0) Gecko/20100101 Firefox/90.0'
'2021-07-23 13:18:37','127.0.0.1','Mozilla/5.0 (X11; Linux x86_64; rv:90.0) Gecko/20100101 Firefox/90.0'
'2021-07-23 13:19:01','127.0.0.1','Mozilla/5.0 (X11; Linux x86_64; rv:90.0) Gecko/20100101 Firefox/90.0'
'2021-07-23 13:19:02','127.0.0.1','Mozilla/5.0 (X11; Linux x86_64; rv:90.0) Gecko/20100101 Firefox/90.0'
'2021-07-24 20:42:22','127.0.0.1','Mozilla/5.0 (X11; Linux x86_64; rv:90.0) Gecko/20100101 Firefox/90.0'
'2021-07-24 20:42:23','127.0.0.1','Mozilla/5.0 (X11; Linux x86_64; rv:90.0) Gecko/20100101 Firefox/90.0'
'2021-07-24 20:46:04','127.0.0.1','Mozilla/5.0 (X11; Linux x86_64; rv:90.0) Gecko/20100101 Firefox/90.0'
'2021-07-24 20:46:05','127.0.0.1','Mozilla/5.0 (X11; Linux x86_64; rv:90.0) Gecko/20100101 Firefox/90.0'
'2021-07-24 20:55:55','127.0.0.1','Mozilla/5.0 (X11; Linux x86_64; rv:90.0) Gecko/20100101 Firefox/90.0'
'2021-07-24 20:55:56','127.0.0.1','Mozilla/5.0 (X11; Linux x86_64; rv:90.0) Gecko/20100101 Firefox/90.0'
'2021-07-24 21:02:38','127.0.0.1','Mozilla/5.0 (X11; Linux x86_64; rv:90.0) Gecko/20100101 Firefox/90.0'
'2021-07-24 21:03:07','127.0.0.1','Mozilla/5.0 (X11; Linux x86_64; rv:90.0) Gecko/20100101 Firefox/90.0'
'2021-07-24 21:03:07','127.0.0.1','Mozilla/5.0 (X11; Linux x86_64; rv:90.0) Gecko/20100101 Firefox/90.0'
'2021-07-24 21:22:30','127.0.0.1','Mozilla/5.0 (X11; Linux x86_64; rv:90.0) Gecko/20100101 Firefox/90.0'
'2021-07-24 21:22:30','127.0.0.1','Mozilla/5.0 (X11; Linux x86_64; rv:90.0) Gecko/20100101 Firefox/90.0'
'2021-07-25 20:58:15','127.0.0.1','Mozilla/5.0 (X11; Linux x86_64; rv:90.0) Gecko/20100101 Firefox/90.0'
'2021-07-25 20:58:15','127.0.0.1','Mozilla/5.0 (X11; Linux x86_64; rv:90.0) Gecko/20100101 Firefox/90.0'
'2021-07-25 20:58:33','127.0.0.1','Mozilla/5.0 (X11; Linux x86_64; rv:90.0) Gecko/20100101 Firefox/90.0'
'2021-07-25 20:58:33','127.0.0.1','Mozilla/5.0 (X11; Linux x86_64; rv:90.0) Gecko/20100101 Firefox/90.0'
'2021-07-25 21:05:53','127.0.0.1','Mozilla/5.0 (X11; Linux x86_64; rv:90.0) Gecko/20100101 Firefox/90.0'
'2021-07-25 21:05:53','127.0.0.1','Mozilla/5.0 (X11; Linux x86_64; rv:90.0) Gecko/20100101 Firefox/90.0'
'2021-07-25 21:14:58','127.0.0.1','Mozilla/5.0 (X11; Linux x86_64; rv:90.0) Gecko/20100101 Firefox/90.0'
'2021-07-25 21:14:59','127.0.0.1','Mozilla/5.0 (X11; Linux x86_64; rv:90.0) Gecko/20100101 Firefox/90.0'
'2021-07-25 23:24:38','127.0.0.1','Mozilla/5.0 (X11; Linux x86_64; rv:90.0) Gecko/20100101 Firefox/90.0'
'2021-07-25 23:24:38','127.0.0.1','Mozilla/5.0 (X11; Linux x86_64; rv:90.0) Gecko/20100101 Firefox/90.0'
'2021-07-25 23:26:04','127.0.0.1','Mozilla/5.0 (X11; Linux x86_64; rv:90.0) Gecko/20100101 Firefox/90.0'
'2021-07-25 23:26:36','127.0.0.1','Mozilla/5.0 (X11; Linux x86_64; rv:90.0) Gecko/20100101 Firefox/90.0'
'2021-07-25 23:28:04','127.0.0.1','Mozilla/5.0 (X11; Linux x86_64; rv:90.0) Gecko/20100101 Firefox/90.0'
'2021-07-25 23:28:38','127.0.0.1','Mozilla/5.0 (X11; Linux x86_64; rv:90.0) Gecko/20100101 Firefox/90.0'
'2021-07-25 23:28:38','127.0.0.1','Mozilla/5.0 (X11; Linux x86_64; rv:90.0) Gecko/20100101 Firefox/90.0'
'2021-07-25 23:29:48','127.0.0.1','Mozilla/5.0 (X11; Linux x86_64; rv:90.0) Gecko/20100101 Firefox/90.0'
'2021-07-25 23:29:48','127.0.0.1','Mozilla/5.0 (X11; Linux x86_64; rv:90.0) Gecko/20100101 Firefox/90.0'
'2021-07-25 23:30:07','127.0.0.1','Mozilla/5.0 (X11; Linux x86_64; rv:90.0) Gecko/20100101 Firefox/90.0'
'2021-07-25 23:30:07','127.0.0.1','Mozilla/5.0 (X11; Linux x86_64; rv:90.0) Gecko/20100101 Firefox/90.0'
'2021-07-25 23:30:08','127.0.0.1','Mozilla/5.0 (X11; Linux x86_64; rv:90.0) Gecko/20100101 Firefox/90.0'
'2021-07-25 23:30:09','127.0.0.1','Mozilla/5.0 (X11; Linux x86_64; rv:90.0) Gecko/20100101 Firefox/90.0'
'2021-07-25 23:31:51','127.0.0.1','Mozilla/5.0 (X11; Linux x86_64; rv:90.0) Gecko/20100101 Firefox/90.0'
'2021-07-25 23:31:51','127.0.0.1','Mozilla/5.0 (X11; Linux x86_64; rv:90.0) Gecko/20100101 Firefox/90.0'
'2021-07-25 23:39:14','127.0.0.1','Mozilla/5.0 (X11; Linux x86_64; rv:90.0) Gecko/20100101 Firefox/90.0'
'2021-07-25 23:39:15','127.0.0.1','Mozilla/5.0 (X11; Linux x86_64; rv:90.0) Gecko/20100101 Firefox/90.0'
'2021-07-25 23:40:57','127.0.0.1','Mozilla/5.0 (X11; Linux x86_64; rv:90.0) Gecko/20100101 Firefox/90.0'
'2021-07-25 23:40:57','127.0.0.1','Mozilla/5.0 (X11; Linux x86_64; rv:90.0) Gecko/20100101 Firefox/90.0'
'2021-07-25 23:48:13','127.0.0.1','Mozilla/5.0 (X11; Linux x86_64; rv:90.0) Gecko/20100101 Firefox/90.0'
'2021-07-25 23:48:13','127.0.0.1','Mozilla/5.0 (X11; Linux x86_64; rv:90.0) Gecko/20100101 Firefox/90.0'
'2021-07-26 05:51:28','127.0.0.1','Mozilla/5.0 (X11; Linux x86_64; rv:90.0) Gecko/20100101 Firefox/90.0'
'2021-07-26 05:54:00','127.0.0.1','Mozilla/5.0 (X11; Linux x86_64; rv:90.0) Gecko/20100101 Firefox/90.0'
'2021-07-26 06:02:08','127.0.0.1','Mozilla/5.0 (X11; Linux x86_64; rv:90.0) Gecko/20100101 Firefox/90.0'
'2021-07-26 06:02:08','127.0.0.1','Mozilla/5.0 (X11; Linux x86_64; rv:90.0) Gecko/20100101 Firefox/90.0'
'2021-07-26 06:08:37','127.0.0.1','Mozilla/5.0 (X11; Linux x86_64; rv:90.0) Gecko/20100101 Firefox/90.0'
'2021-07-26 06:08:38','127.0.0.1','Mozilla/5.0 (X11; Linux x86_64; rv:90.0) Gecko/20100101 Firefox/90.0'
'2021-07-26 06:10:04','127.0.0.1','Mozilla/5.0 (X11; Linux x86_64; rv:90.0) Gecko/20100101 Firefox/90.0'
'2021-07-26 06:10:04','127.0.0.1','Mozilla/5.0 (X11; Linux x86_64; rv:90.0) Gecko/20100101 Firefox/90.0'
'2021-07-26 06:21:31','127.0.0.1','Mozilla/5.0 (X11; Linux x86_64; rv:90.0) Gecko/20100101 Firefox/90.0'
'2021-07-26 06:22:29','127.0.0.1','Mozilla/5.0 (X11; Linux x86_64; rv:90.0) Gecko/20100101 Firefox/90.0'
'2021-07-26 06:22:30','127.0.0.1','Mozilla/5.0 (X11; Linux x86_64; rv:90.0) Gecko/20100101 Firefox/90.0'
'2021-07-26 06:23:10','127.0.0.1','Mozilla/5.0 (X11; Linux x86_64; rv:90.0) Gecko/20100101 Firefox/90.0'
'2021-07-26 06:23:10','127.0.0.1','Mozilla/5.0 (X11; Linux x86_64; rv:90.0) Gecko/20100101 Firefox/90.0'
'2021-07-26 06:24:08','127.0.0.1','Mozilla/5.0 (X11; Linux x86_64; rv:90.0) Gecko/20100101 Firefox/90.0'
'2021-07-26 06:24:08','127.0.0.1','Mozilla/5.0 (X11; Linux x86_64; rv:90.0) Gecko/20100101 Firefox/90.0'
'2021-07-26 06:25:27','127.0.0.1','Mozilla/5.0 (X11; Linux x86_64; rv:90.0) Gecko/20100101 Firefox/90.0'
'2021-07-26 06:25:27','127.0.0.1','Mozilla/5.0 (X11; Linux x86_64; rv:90.0) Gecko/20100101 Firefox/90.0'
'2021-07-26 06:26:25','127.0.0.1','Mozilla/5.0 (X11; Linux x86_64; rv:90.0) Gecko/20100101 Firefox/90.0'
'2021-07-26 06:26:26','127.0.0.1','Mozilla/5.0 (X11; Linux x86_64; rv:90.0) Gecko/20100101 Firefox/90.0'
'2021-07-26 06:33:56','127.0.0.1','Mozilla/5.0 (X11; Linux x86_64; rv:90.0) Gecko/20100101 Firefox/90.0'
'2021-07-26 06:33:56','127.0.0.1','Mozilla/5.0 (X11; Linux x86_64; rv:90.0) Gecko/20100101 Firefox/90.0'
'2021-07-26 06:42:50','127.0.0.1','Mozilla/5.0 (X11; Linux x86_64; rv:90.0) Gecko/20100101 Firefox/90.0'
'2021-07-26 06:42:50','127.0.0.1','Mozilla/5.0 (X11; Linux x86_64; rv:90.0) Gecko/20100101 Firefox/90.0'
'2021-07-26 06:45:02','127.0.0.1','Mozilla/5.0 (X11; Linux x86_64; rv:90.0) Gecko/20100101 Firefox/90.0'
'2021-07-26 06:45:02','127.0.0.1','Mozilla/5.0 (X11; Linux x86_64; rv:90.0) Gecko/20100101 Firefox/90.0'
'2021-07-26 06:49:28','127.0.0.1','Mozilla/5.0 (X11; Linux x86_64; rv:90.0) Gecko/20100101 Firefox/90.0'
'2021-07-26 06:49:29','127.0.0.1','Mozilla/5.0 (X11; Linux x86_64; rv:90.0) Gecko/20100101 Firefox/90.0'
'2021-07-26 06:52:25','127.0.0.1','Mozilla/5.0 (X11; Linux x86_64; rv:90.0) Gecko/20100101 Firefox/90.0'
'2021-07-26 06:52:25','127.0.0.1','Mozilla/5.0 (X11; Linux x86_64; rv:90.0) Gecko/20100101 Firefox/90.0'
'2021-07-26 06:54:51','127.0.0.1','Mozilla/5.0 (X11; Linux x86_64; rv:90.0) Gecko/20100101 Firefox/90.0'
'2021-07-26 06:54:51','127.0.0.1','Mozilla/5.0 (X11; Linux x86_64; rv:90.0) Gecko/20100101 Firefox/90.0'
'2021-07-26 06:56:47','127.0.0.1','Mozilla/5.0 (X11; Linux x86_64; rv:90.0) Gecko/20100101 Firefox/90.0'
'2021-07-26 06:58:25','127.0.0.1','Mozilla/5.0 (X11; Linux x86_64; rv:90.0) Gecko/20100101 Firefox/90.0'
'2021-07-26 07:01:31','127.0.0.1','Mozilla/5.0 (X11; Linux x86_64; rv:90.0) Gecko/20100101 Firefox/90.0'
'2021-07-26 07:01:41','127.0.0.1','Mozilla/5.0 (X11; Linux x86_64; rv:90.0) Gecko/20100101 Firefox/90.0'
'2021-07-26 07:02:13','127.0.0.1','Mozilla/5.0 (X11; Linux x86_64; rv:90.0) Gecko/20100101 Firefox/90.0'
'2021-07-26 07:02:15','127.0.0.1','Mozilla/5.0 (X11; Linux x86_64; rv:90.0) Gecko/20100101 Firefox/90.0'
'2021-07-26 07:03:12','127.0.0.1','Mozilla/5.0 (X11; Linux x86_64; rv:90.0) Gecko/20100101 Firefox/90.0'
'2021-07-26 07:03:45','127.0.0.1','Mozilla/5.0 (X11; Linux x86_64; rv:90.0) Gecko/20100101 Firefox/90.0'
'2021-07-26 20:50:58','127.0.0.1','Mozilla/5.0 (X11; Linux x86_64; rv:90.0) Gecko/20100101 Firefox/90.0'
'2021-07-26 20:51:53','127.0.0.1','Mozilla/5.0 (X11; Linux x86_64; rv:90.0) Gecko/20100101 Firefox/90.0'
'2021-07-26 20:51:54','127.0.0.1','Mozilla/5.0 (X11; Linux x86_64; rv:90.0) Gecko/20100101 Firefox/90.0'
'2021-07-26 20:52:09','127.0.0.1','Mozilla/5.0 (X11; Linux x86_64; rv:90.0) Gecko/20100101 Firefox/90.0'
'2021-07-26 20:52:46','127.0.0.1','Mozilla/5.0 (X11; Linux x86_64; rv:90.0) Gecko/20100101 Firefox/90.0'
'2021-07-26 20:53:31','127.0.0.1','Mozilla/5.0 (X11; Linux x86_64; rv:90.0) Gecko/20100101 Firefox/90.0'
'2021-07-26 20:55:04','127.0.0.1','Mozilla/5.0 (X11; Linux x86_64; rv:90.0) Gecko/20100101 Firefox/90.0'
'2021-07-26 20:57:03','127.0.0.1','Mozilla/5.0 (X11; Linux x86_64; rv:90.0) Gecko/20100101 Firefox/90.0'
'2021-07-26 20:59:47','127.0.0.1','Mozilla/5.0 (X11; Linux x86_64; rv:90.0) Gecko/20100101 Firefox/90.0'
'2021-07-26 21:01:50','127.0.0.1','Mozilla/5.0 (X11; Linux x86_64; rv:90.0) Gecko/20100101 Firefox/90.0'
'2021-07-26 21:04:36','127.0.0.1','Mozilla/5.0 (X11; Linux x86_64; rv:90.0) Gecko/20100101 Firefox/90.0'
'2021-07-26 21:11:37','127.0.0.1','Mozilla/5.0 (X11; Linux x86_64; rv:90.0) Gecko/20100101 Firefox/90.0'
'2021-07-26 21:14:39','127.0.0.1','Mozilla/5.0 (X11; Linux x86_64; rv:90.0) Gecko/20100101 Firefox/90.0'
'2021-07-26 21:17:27','127.0.0.1','Mozilla/5.0 (X11; Linux x86_64; rv:90.0) Gecko/20100101 Firefox/90.0'
'2021-07-26 21:22:24','127.0.0.1','Mozilla/5.0 (X11; Linux x86_64; rv:90.0) Gecko/20100101 Firefox/90.0'
'2021-07-26 21:31:38','127.0.0.1','Mozilla/5.0 (X11; Linux x86_64; rv:90.0) Gecko/20100101 Firefox/90.0'
'2021-07-26 21:32:43','127.0.0.1','Mozilla/5.0 (X11; Linux x86_64; rv:90.0) Gecko/20100101 Firefox/90.0'
'2021-07-26 21:37:54','127.0.0.1','Mozilla/5.0 (X11; Linux x86_64; rv:90.0) Gecko/20100101 Firefox/90.0'
'2021-07-26 21:39:24','127.0.0.1','Mozilla/5.0 (X11; Linux x86_64; rv:90.0) Gecko/20100101 Firefox/90.0'
'2021-07-26 22:59:41','127.0.0.1','Mozilla/5.0 (X11; Linux x86_64; rv:90.0) Gecko/20100101 Firefox/90.0'
